id,title,url,date,topics,notes,thumb,ref_papers,ref_books,ref_talks,ref_datasets,ref_other,related
20260117-long,Two Different Universes from the Same Data,https://youtu.be/R6W7P7IHLbI,2026-01-17,ŒõCDM;Timeline;Structure Formation,"Modern cosmology is built on a foundational assumption: that on large enough scales, the universe becomes homogeneous and matter settles into a well-defined average density.

A new generation of galaxy surveys has now tested that assumption directly.

Instead of assuming homogeneity and building models around it, these surveys measure how density behaves as scale increases and ask a simple question: does the universe actually settle into an average?

The answer is not based on a single structure or an isolated anomaly. Across the largest scales probed, structure persists where uniformity is expected, and the measured density does not clearly converge.

This creates a deeper problem than is often discussed. If average density depends on how and where it is measured, then concepts like a single cosmic background or a single global expansion rate become less automatic.

This video examines what the survey data actually shows, how it is normally interpreted in standard cosmology, and why testing homogeneity directly leads to a very different picture of the universe.

Not because the data is flawed, but because the assumption behind its interpretation is finally being questioned.",,"Francesco Sylos Labini et al. (2025). Galaxy correlations from the DESI survey: no transition to homogeneity up to 400 Mpc/h. arXiv:2511.21585. (‚Üí Analyzes galaxy correlations using DESI data and finds no clear transition to homogeneity up to the largest scales probed.)|https://arxiv.org/abs/2511.21585
","Peebles, P. J. E. (1993). Principles of Physical Cosmology. Princeton University Press. (‚Üí Standard reference outlining the cosmological principle and the assumption of large-scale homogeneity used in modern cosmology.)|https://press.princeton.edu/books/paperback/9780691209814/principles-of-physical-cosmology",,"DESI Collaboration. The Dark Energy Spectroscopic Instrument (DESI). Lawrence Berkeley National Laboratory. (‚Üí Official project site describing the DESI survey, its goals, instrumentation, and large-scale structure measurements.)|https://www.desi.lbl.gov/",,20251028-long
20251221-long,"If This Is Right, Cosmology Is Asking the Wrong Question",https://youtu.be/KZx_vDWpOnU,2025-12-21,ŒõCDM;CMBR;Alternative Cosmology;Physics,"For over a century, modern cosmology has been built around a familiar framework ‚Äî expanding space, fixed constants, and a universe that began in a hot, dense state.
Yet for many, that picture has begun to feel increasingly strained.

This video explores an alternative way of thinking ‚Äî not by tearing down existing physics, but by stepping outside the assumptions that quietly shape how we interpret it.",,"Unnikrishnan, C. S. (2012). Cosmic Relativity: A New Theory of Relativity. Foundations of Physics, 42, 1196‚Äì1216. (‚Üí Formal introduction of Cosmic Relativity as a Machian reformulation of relativity grounded in the gravitational potential of the universe.)|https://doi.org/10.1007/s10701-012-9679-6;
Unnikrishnan, C. S. (2005). Is the Speed of Light a Universal Constant? Current Science, 88. (‚Üí Examines whether the constancy of c emerges from cosmic boundary conditions rather than being a fundamental postulate.)|https://www.currentscience.ac.in/Volumes/88/10/1605.pdf;
Unnikrishnan, C. S. (2005). Mach‚Äôs Principle, Inertia and Gravitation. Current Science, 89. (‚Üí Explores inertia as a relational property arising from interaction with the mass distribution of the universe.)|https://www.currentscience.ac.in/Volumes/89/12/2001.pdf;
",,,,"INSPIRE-HEP Author Profile: C. S. Unnikrishnan. (‚Üí Curated database of publications and citations in high-energy physics and foundational theory.)|https://inspirehep.net/authors/993644;
Google Scholar Profile: C. S. Unnikrishnan. (‚Üí Bibliographic index of published works, citations, and research impact.)|https://scholar.google.com/scholar?q=C.+S.+Unnikrishnan;
",20260104-long
20251206-long,The Cosmic Speed Problem Nobody Can Explain,https://youtu.be/R4uxL4FUU8M,2025-12-06,ŒõCDM;CMBR;Redshift,"A new measurement of the Solar System‚Äôs motion just revealed something nobody expected: we‚Äôre moving far faster than the standard model of cosmology says we should be. And if this result is correct‚Ä¶ it raises a problem far bigger than a single number.

In this video, we dive into the new radio-galaxy dipole study, compare it to the CMB dipole, and explore why the speed lines up in direction but not in magnitude. This mismatch has been quietly growing across multiple surveys, and now it‚Äôs becoming impossible to ignore.

Is this a catalogue issue? A misunderstanding of redshift?
Or a deeper flaw in how we think about the ‚Äúcosmic rest frame‚Äù itself?

I‚Äôll walk you through the evidence, the assumptions, and the implications for cosmology and why this might be one of the most important puzzles in modern astrophysics.
",,"B√∂hme, L et al (2025). Overdispersed Radio Source Counts and Excess Radio Dipole Detection. Phys. Rev. Lett. 135, 201001 ‚Äì Published 10 November, 2025|https://journals.aps.org/prl/abstract/10.1103/6z32-3zf4;
Singal, A. K. (2025). Solar peculiar motion inferred from dipole anisotropy in redshift distribution of quasars appears to lie along the Galactic Centre direction. Scientific Reports, 15, 31805.|https://arXiv.org/abs/2508.20769",,,,,20250607-long
20251116-long,Why Alternatives Can‚Äôt Pass Cosmology‚Äôs Big Test,https://youtu.be/g7_JZJzVuqs,2025-11-16,ŒõCDM;CMBR;Plasma Cosmology;Alternative Cosmology,"The CMB power spectrum is often treated as the final barrier every cosmological model must pass. But what happens when the test is built on assumptions unique to ŒõCDM? This video explores how circular reasoning, tuning, and hidden dependencies create a perfect closed loop ‚Äî one that locks out alternative theories before they even begin.",,,"Unnikrishnan, C. S. (2022). Cosmic Relativity: The Fundamental Theory of Relativity, Gravitation and Cosmology. World Scientific Publishing. (‚Üí Proposes that relativity and inertia arise from interaction with a real cosmic gravitational background, offers a living-field interpretation of the CMB.)|https://doi.org/10.1142/q0401;Peratt, A. L. (2015). Physics of the Plasma Universe (2nd ed.). Springer. 
(‚Üí Foundational text on cosmic-scale plasma processes, current-driven filaments, double layers, and laboratory analogs of large-scale structure.)|https://doi.org/10.1007/978-1-4614-0253-2;

",,,"Pryke, C. (2000). BOOMERanG experiment logbook entry for 22 September 2000.|http://find.spa.umn.edu/~pryke/logbook/20000922/;Winther, J. (n.d.). CMB Analysis: Milestone 4 ‚Äì Acoustic peak reproduction.|https://cmb.wintherscoming.no/milestone4.php;
",20250930-long;20250607-long;20241117-long;20240922-long
20251028-long,How ŒõCDM Fakes the Cosmic Web,https://youtu.be/IfWYodUWJW4,2025-10-28,ŒõCDM;Timeline;Structure Formation,"Cosmologists claim the Big Bang model predicts the vast cosmic web of galaxies,  but what if the web was built into the model from the start?
In this episode, we explore how simulations of the ŒõCDM universe quietly force structure to appear: from Zel‚Äôdovich‚Äôs early geometric shortcuts to the artificial fixes that make dark matter filaments hold together.
The result isn‚Äôt a universe discovered through physics.  It‚Äôs one shaped by mathematical assumptions.",,The Hidden Role of Anisotropies in Shaping Structure Formation in Cosmological N-Body Simulations|https://arxiv.org/abs/2508.13765,,,,,20250504-long
20250930-long,The Anchor of Modern Cosmology Just Shattered,https://youtu.be/OywWThFmEII,2025-09-30,ŒõCDM;CMBR;Quasar,"A new anomaly has shaken one of the cornerstones of modern cosmology.
The Cosmic Microwave Background (CMB) has long been used to anchor our motion through the universe. But new observations of quasar motions tell a different story ‚Äî one that can‚Äôt be reconciled with the standard model (ŒõCDM).",,"Singal, A. K. (2025). Solar peculiar motion inferred from dipole anisotropy in redshift distribution of quasars appears to lie along the Galactic Centre direction. Scientific Reports, 15, 31805.|https://arXiv.org/abs/2508.20769",,,SDSS DR17|https://www.sdss.org/,,20250637-long;20241117-long
20250920-long,The New Observation No Patch Can Cover Up,https://youtu.be/QJ7anmAee54,2025-09-20,ŒõCDM;Redshift;Timeline;Galaxy,"A new astronomical observation is putting the Big Bang model under serious strain. For decades, cosmology has relied on adding ‚Äúpatches‚Äù ‚Äî dark matter, dark energy, inflation ‚Äî to cover problems in the theory. But this time, no patch seems enough. In this video, we‚Äôll explore what the latest evidence means, why it challenges the foundations of the ŒõCDM model, and whether it signals the need for a completely different way of understanding the universe.",,Mysteries of Capotauro -- investigating the puzzling nature of an extreme F356W-dropout|https://arxiv.org/abs/2509.01664,,,,,20250930-long;20250913-long
20250913-long,JWST‚Äôs Deepest Look Shatters the Big Bang Timeline,https://youtu.be/EOowNVML4_I,2025-09-13,ŒõCDM;Redshift;Timeline;Galaxy,"The early universe was supposed to be dark, neutral, and simple ‚Äî not filled with galaxies. Yet JWST may have found them anyway, deep in the so-called Dark Ages, just 110‚Äì120 million years after the Big Bang. If these extreme redshift candidates are real, they don‚Äôt just stretch the Big Bang model ‚Äî they break it. Galaxies this early are too bright, too compact, too abundant, and far too soon for the timeline to handle.",,"P√©rez-Gonz√°lez et al. (2025) ‚Äî The Rise of the Galactic Empire: Candidate z ~ 17‚Äì25 Galaxies from JWST MIRI Deep Imaging Survey and NGDEEP|https://arxiv.org/abs/2503.15594;Ferrara et al. (2025) ‚Äî Primordial Black Holes as the Origin of Ultra-High Redshift (z ~ 25) Sources Detected by JWST|https://arxiv.org/abs/2503.18850;Fan, Carilli & Keating (2006) ‚Äî Observational Constraints on Cosmic Reionization|https://arxiv.org/abs/astro-ph/0602375",,,,,20250624-long;20250920-long
20250830-long,The Force That Physics Erased: Amp√®re‚Äôs Forgotten Law,https://youtu.be/YHykWjtVdNM,2025-08-30,Physics;Magnetism;History,"We‚Äôre all taught that moving charges create magnetic fields. But 200 years ago, Andr√©-Marie Amp√®re discovered something deeper: a direct force law between currents ‚Äî one that explained both attraction and repulsion without invoking fields at all. James Clerk Maxwell called it ‚Äúone of the most brilliant achievements in science.‚Äù And yet, within a few decades, it was forgotten ‚Äî replaced by the field-based picture of Faraday, Grassmann, Neumann, Lorentz, and finally Maxwell‚Äôs own equations.",,"Amp√®re, A.-M. (1822). M√©moire sur la th√©orie math√©matique des ph√©nom√®nes √©lectrodynamiques, uniquement d√©duite de l‚Äôexp√©rience. (English translation: Andr√© Koch Torres Assis, Amp√®re‚Äôs Electrodynamics, C. Roy Keys Inc., 2015).|http://www.ifi.unicamp.br/~assis/Amperes-Electrodynamics.pdf;Assis, A. K. T. (1994). Kirchhoff on the Propagation Velocity of Electrodynamic Actions.
Apeiron 19, 19‚Äì25. (Translation and commentary on Kirchhoff‚Äôs 1857 paper).;Graneau, P. (1985). Amp√®re‚ÄìNeumann Electrodynamics of Metals. Hadronic Press.|https://archive.org/details/Ampere-NeumannElectrodynamicsOfMetals/mode/2up;Graneau, P., & Graneau, N. (1996). Newtonian Electrodynamics. World Scientific.|https://archive.org/details/NewtonianElectrodynamics/mode/2up;Graneau, N., & Graneau, P. (2006). In the Grip of the Distant Universe: The Science of Inertia. World Scientific.;Assis, A. K. T., & Graneau, P. (1994). Kirchoff on the Motion of Electricity in Conductors.|https://www.ifi.unicamp.br/~assis/Apeiron-V19-p19-25(1994).pdf;Graneau, N. (2025). Fundamental longitudinal electromagnetic (EM) force investigation using DC current.|https://arxiv.org/abs/2504.08749;DIE MATHEMATISCHEN GESETZE DER INDUCIRTEN ELEKTRISCHEN STR√ñME VON FRANZ NEUMANN. (1845)|https://ia601603.us.archive.org/7/items/diemathematische00neumuoft/diemathematische00neumuoft.pdf",,,,Andr√© Assis translations|https://www.ifi.unicamp.br/~assis/,
20250802-long,The Filament Mystery at All Scales: A Problem for Modern Cosmology,https://youtu.be/o1cvo7NEtxQ,2025-08-02,Plasma;Plasma Cosmology;Structure Formation;MHD,"Across the cosmos, we see an extraordinary pattern: long, narrow filaments of gas and plasma stretching through space, in star-forming regions, around galaxies, and across the vast cosmic web. But there's a problem. These filaments appear at vastly different scales, yet they share strikingly similar properties: consistent width, coherence, and resilience. Standard cosmology struggles to explain them. Gravity alone shouldn't produce such thread-like structures, especially not ones that persist even as stars form along their length. And at the largest scales, theorists invoke invisible scaffolds of dark matter to hold the plasma in place, despite no direct observational evidence. In this episode, we explore why these cosmic filaments defy the standard model, how laboratory plasma experiments reveal a very different kind of self-organization, and what this might mean for how we understand the structure of the universe itself.",,"Arzoumanian, D., Andr√©, P., Didelon, P., et al. (2011). Characterizing interstellar filaments with Herschel in IC 5146 A&A, 529, L6. (‚Üí Shows the consistent ~0.1 pc width of filaments in molecular clouds.)|https://doi.org/10.1051/0004-6361/201116596;Andr√©, P., Di Francesco, J., Ward-Thompson, D., et al. (2014).
From Filamentary Networks to Dense Cores in Molecular Clouds: Toward a New Paradigm for Star Formation
Protostars and Planets VI, 27‚Äì51.(‚Üí Overview of star formation along filaments and their structural coherence.)|https://doi.org/10.2458/azu_uapress_9780816531240-ch002;Kukushkin, A. B., & Rantsev-Kartinov, V. A. (1998).
Structural features of plasma filaments in Z-pinch discharges and in cosmic phenomena
Laser and Particle Beams, 16(3), 445‚Äì464.(‚Üí Details the multilevel dynamical contrasting technique and filamentary structures in Z-pinches.)|https://doi.org/10.1017/S0263034600009616; Rantsev-Kartinov, V. A. (2004).
Skeletal structures of the ocean, atmosphere and cosmic plasma (‚Üí Broad proposal of filamentary networks across multiple environments.)|https://arxiv.org/abs/physics/0401139;Tempel, E., Stoica, R. S., Mart√≠nez, V. J., et al. (2014).
Detecting filamentary patterns in the cosmic web: a catalogue of filaments for the SDSS
MNRAS, 438(4), 3465‚Äì3482. (‚Üí Filament detection on cosmological scales and structural coherence.)|https://doi.org/10.1093/mnras/stt2454;Libeskind, N. I., et al. (2018).
Tracing the cosmic web
MNRAS, 473(1), 1195‚Äì1217.(‚Üí On the dynamical nature and connectivity of galactic-scale filaments.)|https://doi.org/10.1093/mnras/stx2349","Uman, M. A. (2001). The Lightning Discharge Dover Publications. ‚Üí Comprehensive textbook on lightning physics and double-ended tree structure.;Rakov, V. A., & Uman, M. A. (2003).
Lightning: Physics and Effects
Cambridge University Press.
‚Üí Covers polarity asymmetry and leader propagation behavior.",,,,20250720-long
20250720-long,How an Assumption Skewed Our Understanding of the Universe,https://youtu.be/_M2_ROX4FZE,2025-07-20,Plasma;Plasma Cosmology;Structure Formation;MHD,,,"Alfv√©n, H. (1986). Double Layers and Circuits in Astrophysics. IEEE Transactions on Plasma Science, 14(6), 779‚Äì793. [DOI: 10.1109/TPS.1986.4316621];Alfv√©n, H. & Carlqvist, P. (1978). Electric Double Layers in Astrophysics. Astrophysics and Space Science, 55, 487‚Äì491. [DOI: 10.1007/BF00642837];Alfv√©n, H. (1970). On Frozen-In Magnetic Fields. Royal Institute of Technology, Stockholm.
(Classic critique of the ‚Äúfrozen-in‚Äù concept.);Shull, J. M., Smith, B. D., & Danforth, C. W. (2012). The Baryon Census in a Multiphase Intergalactic Medium: 30% of the Baryons May Still Be Missing. Astrophysical Journal, 759(1), 23.
[DOI: 10.1088/0004-637X/759/1/23];Nicastro, F. et al. (2018). Observations of the Missing Baryons in the Warm‚ÄìHot Intergalactic Medium. Nature, 558, 406‚Äì409.
[DOI: 10.1038/s41586-018-0204-1];Vazza, F., Br√ºggen, M., et al. (2014). Filaments of the Radio Cosmic Web: Opportunities and Challenges for the SKA. Advances in Radio Science, 12, 219‚Äì226.
[DOI: 10.5194/ars-12-219-2014]","Alfv√©n, H. (1981). Cosmic Plasma. D. Reidel Publishing Company.
(Seminal book explaining his vision of cosmic circuits and plasma dynamics.);Peratt, A. L. (1992). Physics of the Plasma Universe. Springer. (Expanded version of plasma cosmology; includes his filament simulations and CMB discussion.)",,,,20250802-long
20250624-long,JWST‚Äôs Most Troubling Discovery Yet: Crisis at Cosmic Dawn,https://youtu.be/W7PgtIhmIgA,2025-06-24,ŒõCDM;Redshift;Timeline;Galaxy,"The James Webb Space Telescope has just detected MoM-Z14 ‚Äî a luminous, compact, chemically evolved galaxy that formed only 280 million years after the Big Bang. That‚Äôs far earlier than current models allow. In this video, we examine why this discovery is so problematic: ‚Ä¢ How could a galaxy this mature form so fast? ‚Ä¢ Why does it appear too bright, too compact, and too evolved for its time? ‚Ä¢ What does this mean for the Big Bang model ‚Äî and for our understanding of cosmic history? We‚Äôll also explore how this galaxy fits into a growing pattern of early JWST anomalies and why some believe we may be witnessing the limits of the standard cosmological framework.",,A Cosmic Miracle: A Remarkably Luminous Galaxy at z=14.44 Confirmed with JWST|https://arxiv.org/abs/2505.11263,,,,,20250920-long;20250913-long
20250607-long,New CMB Discovery Could Shatter the Big Bang Model,https://youtu.be/Xb69yPNgX-Q,2025-06-07,ŒõCDM;Redshift;Timeline;CMBR;Galaxy,"A new mainstream paper just challenged the foundation of modern cosmology. To explain the bright, fully-formed galaxies seen at high redshift by JWST, researchers modeled rapid star formation in the early universe ‚Äî only to find that the resulting radiation could account for most, or even all, of the cosmic microwave background (CMB). If true, this means the CMB may not be a relic of the Big Bang at all ‚Äî but a local, reprocessed signal from galaxies. And if the CMB falls, so do the redshift ladder, the expansion timeline, and the justification for dark matter and dark energy. Is this just another patch? Or is it a sign the framework itself is cracking?",,The Impact of Early Massive Galaxy Formation on the Cosmic Microwave Background|https://arxiv.org/abs/2505.04687,,,,,
20250526-long,Collapsing the Superposition Narrative,https://youtu.be/tI_ZqrdUigI,2025-05-26,QM,"Is the quantum world really as strange as we've been told?

In this episode, we dive deep into one of the most misunderstood aspects of quantum mechanics ‚Äî superposition, collapse, and spin entanglement ‚Äî and reveal how the standard narrative may be more about interpretation than observation. What if the ‚Äúweirdness‚Äù of quantum mechanics is actually a misunderstanding of analog behavior forced into a digital framework?

We revisit the famous photon polarizer experiments, the logic behind Malus‚Äô Law, and the foundational assumptions of Bell‚Äôs Theorem. Along the way, we explore how field interactions and geometric coupling can reproduce the same experimental outcomes ‚Äî without invoking metaphysical collapse or non-local effects.

This video challenges the idea that spin must be undefined until measurement, and instead offers a grounded alternative: that spin, like polarization, may be a real, structured interaction with the field ‚Äî not a binary mystery collapsing into being.

If you‚Äôve ever wondered whether quantum mechanics tells the whole story ‚Äî or if there might be a simpler explanation hiding in plain sight ‚Äî this is for you.",,"Bell, J. S. (1964). On the Einstein Podolsky Rosen paradox. Physics Physique –§–∏–∑–∏–∫–∞, 1(3), 195‚Äì200.|https://cds.cern.ch/record/111654/files/vol1p195-200_001.pdf;Clauser, J. F., Horne, M. A., Shimony, A., & Holt, R. A. (1969). Proposed Experiment to Test Local Hidden-Variable Theories. Physical Review Letters, 23(15), 880.|https://journals.aps.org/prl/abstract/10.1103/PhysRevLett.23.880;Aspect, A., Dalibard, J., & Roger, G. (1982). Experimental Test of Bell's Inequalities Using Time‚ÄêVarying Analyzers.|https://journals.aps.org/prl/abstract/10.1103/PhysRevLett.49.1804;√âtienne-Louis Malus (1809). On the Law of Double Refraction by Reflection.
(Not available online easily ‚Äî refer to optics textbooks or historical overviews);Loophole-free Bell inequality violation using electron spins separated by 1.3 kilometres.|https://www.nature.com/articles/nature15759;Significant-Loophole-Free Test of Bell‚Äôs Theorem with Entangled Photons.|https://journals.aps.org/prl/abstract/10.1103/PhysRevLett.115.250401;Strong Loophole-Free Test of Local Realism.|https://journals.aps.org/prl/abstract/10.1103/PhysRevLett.115.250402",,,,,
20250504-long,Space Has Structure: Rewriting the CMBR Story,https://youtu.be/cj-7vdYij6U,2025-05-04,Aether;CMBR;ŒõCDM,"What if the cosmic microwave background isn‚Äôt a relic of a distant past‚Ä¶ but a signal still active today?
In 1965, the discovery of a faint microwave hiss across the sky was instantly hailed as proof of the Big Bang. But few realize that predictions of this signal ‚Äî in both temperature and concept ‚Äî existed long before the theory ever took shape.
This video explores the forgotten work of Guillaume, Eddington, Freundlich, and others who envisioned a warm, structured cosmos, shaped not by an explosive beginning but by ongoing processes in a dynamic medium.

We dive into the physics of light ‚Äî scattering, reflection, and stimulated emission ‚Äî and uncover hints that the universe may be more than expanding space. It may be structured. It may carry waves.
And it may still be glowing‚Ä¶ not from the past, but from continuous interaction with the very fabric of reality.",,"Guillaume, C. E. (1896). La Temp√©rature de l'Espace. Comptes Rendus de l‚ÄôAcad√©mie des Sciences, 123, 395‚Äì398. 
A. K. T. Assis and M. C. D. Neves, Complete and commented translation 
of Guillaume's 1896 paper on the temperature of space, American |https://www.ifi.unicamp.br/~assis/Am-J-Phys-V88-p1140-1144(2020).pdf;Eddington, A. S. (1926). The Internal Constitution of the Stars. Cambridge University Press.
Eddington refines the energy balance of the universe and predicts a background radiation temperature of ~3K.;Freundlich, E. (1935). Celestial Mechanics and General Relativity.
Proposes redshift mechanisms based on interaction with a medium ‚Äî predating tired light in a structured cosmos.;Alpher, R. A., & Herman, R. (1948). Evolution of the Universe. Nature, 162, 774‚Äì775.
DOI: 10.1038/162774b0
First explicit Big Bang prediction of residual radiation at ~5 K.;Alpher, R. A. (1953). Laboratory Test of the Finlay-Freundlich Red Shift Hypothesis. Physical Review, 91, 1526.
An attempt to experimentally test redshift due to medium interaction, linking back to earlier models.;A. K. T. Assis and M. C. D. Neves, History of the 2.7 K temperature 
prior to Penzias and Wilson, |https://www.ifi.unicamp.br/~assis/Apeiron-V2-p79-84(1995).pdf;Gamow, G. (1952). The Creation of the Universe. Viking Press.
A popular-level summary of the early hot universe model that predicted relic radiation.;Kragh, H. (1996). Cosmology and Controversy: The Historical Development of Two Theories of the Universe. Princeton University Press.
Includes detailed discussion on how Big Bang and Steady State models handled radiation predictions.;Van Flandern, T. (2002). ‚ÄúThe Speed of Gravity ‚Äì What the Experiments Say‚Äù. Physics Letters A, 250, 1‚Äì11.
Includes discussion of gravitational energy transfer mechanisms and speed implications.;Zwicky, F. (1929). On the Red Shift of Spectral Lines through Interstellar Space. Proceedings of the National Academy of Sciences, 15, 773‚Äì779.
Origin of the tired light concept ‚Äî often overlooked but central to non-expansion interpretations.","Van Flandern, T. (1993). Dark Matter, Missing Planets and New Comets. North Atlantic Books.
Chapters explore tired light via gravitational aether and dual medium energy transfer.",,,,
20250405-long,The Hidden Crisis in Quantum Mechanics: Structure Needs Help,https://youtu.be/okEHd-I7VZ0,2025-04-05,QM;SAM,"Quantum mechanics is often hailed as the most successful theory in physics‚Äîcapable of explaining the behavior of atoms, particles, and light itself. But what happens when we ask it to predict something as basic as the shape of a molecule?

In this episode, we explore a surprising truth at the heart of quantum chemistry: quantum mechanics doesn‚Äôt naturally produce structure‚Äîit requires help. From the Born-Oppenheimer approximation to computational constraints and empirical corrections, we dive into the hidden scaffolding that makes quantum models work.

We‚Äôll unpack how structure in molecules and nuclei is not derived from first principles but instead imposed through assumptions and approximations. What does this mean for the limits of quantum theory? And could it suggest that something deeper‚Äîsomething structural‚Äîis being overlooked in our models of matter?

Join us as we challenge the standard narrative and ask: does quantum mechanics really explain structure‚Äîor just approximate it well enough to get by?",," Born, M., & Oppenheimer, R. (1927). ""Zur Quantentheorie der Molekeln."" Annalen der Physik, 389, 457‚Äì484.;Sutcliffe, B. T., & Woolley, R. G. (2012). ""On the quantum theory of molecules."" Journal of Chemical Physics, 137, 22A544.; Hunter, G. (1975). ""The exact solution of the Schr√∂dinger equation for the hydrogen molecule."" International Journal of Quantum Chemistry, 9(2), 237‚Äì242.; Pavo≈°eviƒá, F., Neese, F., & Valeev, E. F. (2020). ""A simple, exact, and computationally efficient method for solving the molecular Schr√∂dinger equation."" Science Advances, 6(5), eaaw7153.;Hammes-Schiffer, S. (2015). ""Beyond the Born-Oppenheimer approximation: Multicomponent density functional theory and multicomponent wave function methods."" Accounts of Chemical Research, 48(3), 663‚Äì670.;Atkins, P., & Friedman, R. Molecular Quantum Mechanics. 5th Edition, Oxford University Press (2010).;Wolynes, P. G. (2005). ""Quantum theory for complex systems."" Proceedings of the National Academy of Sciences, 102(19), 6657‚Äì6658.;Fuchs, C. A., & Peres, A. (2000). ""Quantum theory needs no ‚Äòinterpretation‚Äô."" Physics Today, 53, 70‚Äì71.;Scerri, E. R. The Periodic Table: Its Story and Its Significance. Oxford University Press (2006).;Baggott, J. The Quantum Story: A History in 40 Moments. Oxford University Press (2011).;Weinberg, S. (2013). Lectures on Quantum Mechanics. Cambridge University Press.","Griffiths, D. J. Introduction to Quantum Mechanics. 2nd Edition, Pearson (2004).;Levine, I. N. Quantum Chemistry. 7th Edition, Pearson (2013).;McQuarrie, D. A. Quantum Chemistry. University Science Books (2008).; ",,,,
20250315-long,Cracks in the Nuclear Model: Surprising Evidence for Structure,https://youtu.be/qynSxOS_HFc,2025-03-15,QM;SAM,"Cracks in the Nuclear Model? A Deep Dive into Charge Distribution

For decades, nuclear physics has been built on the assumption that protons and neutrons form an amorphous, statistical cloud inside the nucleus. But what if this model is missing something fundamental?

In this video, we explore four key anomalies that challenge the conventional understanding of nuclear charge distribution:
üîπ The proton radius puzzle ‚Äì Why does its size seem to depend on how we measure it?
üîπ Nuclear charge radii ‚Äì Why are most nuclei smaller than predicted, and why does this trend worsen as atomic number increases?
üîπ Isotope charge radii ‚Äì Why do isotopes show an unpredictable pattern of expansion and contraction?
üîπ Magic numbers and nuclear structure ‚Äì Do these stability patterns emerge from a hidden geometric order?

Recent experimental data suggests that nuclear charge is not smoothly distributed but follows a more complex and structured pattern. Could a Structured Atomic Model (SAM) provide the missing piece of the puzzle?",,Observation of an unexpected negative isotope shift in 229Th+ and its theoretical explanation|https://arxiv.org/abs/1505.05818;Unexpectedly large charge radii of neutron-rich calcium isotopes|https://arxiv.org/abs/1602.07906;Deformation and Collectivity in Doubly Magic 208Pb|https://journals.aps.org/prl/pdf/10.1103/PhysRevLett.134.062502,,,Nuclear Charge Radii|https://www-nds.iaea.org/radii/#ref,The 'Double Magic' Atom Is a Physics Fairy Tale That Continues to Baffle Scientists|https://www.popularmechanics.com/science/a63934778/double-magic-atom/,
20250301-long,When Science Stops Questioning Itself: The Dark Energy Assumption,https://youtu.be/Fd4yMprJ2A8,2025-03-01,ŒõCDM;Timeline;History,"For over two decades, the discovery of dimming in Type Ia supernovae (SN1a) has been the cornerstone of the claim that the universe‚Äôs expansion is accelerating‚Äîleading to the introduction of dark energy. But what if this conclusion was based on a flawed assumption?

In this video, we examine the key problems with how SN1a data is interpreted, the contradictions it presents when compared to independent tests like the Tolman surface brightness test, and why cosmologists never stopped to question whether they were measuring acceleration‚Äîor just the limitations of their own methodology.

Could dark energy be nothing more than a patch to an already broken cosmological model? And if SN1a dimming is a calibration issue rather than real acceleration, what does that mean for the entire ŒõCDM framework?",,"Riess et al. (1998) ‚Äì Observational Evidence from Supernovae for an Accelerating Universe and a Cosmological Constant.  The original paper that first claimed the discovery of dark energy using SN1a dimming. DOI: 10.1086/300499;Perlmutter et al. (1999) ‚Äì Measurements of Omega and Lambda from 42 High-Redshift Supernovae.  A key follow-up study reinforcing the accelerating expansion claim. DOI: 10.1086/307221;Frieman, Turner & Huterer (2008) ‚Äì Dark Energy and the Accelerating Universe. A review discussing the physics behind dark energy models and observational evidence. DOI: 10.1146/annurev.astro.46.060407.145243;Nielsen, Guffanti, & Sarkar (2016) ‚Äì Marginal Evidence for Cosmic Acceleration from Type Ia Supernovae. A reanalysis of SN1a data suggesting that acceleration might be overstated. DOI: 10.1038/s41550-016-0009;Wojtak et al. (2015) ‚Äì Cosmic Variance and Biases in Supernova Cosmology. Discusses how observational biases could influence SN1a measurements. DOI: 10.1093/mnras/stv1896;Kelly et al. (2010) ‚Äì Evidence for Environmental Dependence in SN1a Luminosities. Shows that SN1a brightness correlates with host galaxy properties, challenging the assumption of perfect standard candles.  DOI: 10.1088/0004-637X/715/2/743;Tolman Surface Brightness Test and Expansion Models. Lubin & Sandage (2001) ‚Äì The Tolman Surface Brightness Test for the Reality of the Expansion. IV. A Measurement of the Tolman Signal and the Luminosity Evolution of Early-Type Galaxies. Key paper using the Tolman test to analyze galaxy brightness in an expanding universe. DOI: 10.1086/323343;Lopez-Corredoira (2017) ‚Äì Tests and Problems of the Standard Model in Cosmology.
Critically reviews ŒõCDM and discusses alternative interpretations of cosmic expansion. DOI: 10.1016/j.physrep.2017.10.001;Dressler et al. (2011) ‚Äì The Impact of Selection Bias in Supernova Cosmology. Discusses Malmquist bias and selection effects in SN1a samples. DOI: 10.1088/0004-637X/721/1/715;Peebles (2020) ‚Äì Cosmology‚Äôs Century: An Inside History of Our Modern Understanding of the Universe. A historical perspective on how cosmology developed, including discussion on dark energy and biases in interpretation. ISBN: 978-0691196022",,,,,
20250215-long,The True Crisis in Cosmology Is Invisible: The Quipu Illusion,https://youtu.be/zKbETCWjTz8,2025-02-15,ŒõCDM;Structure Formation,"A recent discovery has shaken the foundations of cosmology‚ÄîQuipu, an enormous cosmic structure dubbed the largest ever observed in the universe. Stretching across unimaginable distances, Quipu challenges everything we thought we knew about the cosmos. How could something so massive and complex have formed within the timeline set by the Big Bang model?

In this episode, we dive deep into the discovery of Quipu, exploring what it reveals about the large-scale structure of the universe and the models we use to understand it. Could this colossal structure be evidence that our current theories are incomplete‚Äîor even fundamentally flawed?

We‚Äôll examine how Quipu fits (or doesn‚Äôt fit) within the standard model of cosmology and what this means for the future of our understanding of the universe. Is it time to rethink the way we interpret cosmic data?

Join us as we explore the implications of this groundbreaking discovery, question the assumptions built into our models, and ask the bold question: If our models are leading us to see patterns and connections that might not be real, then how much of our understanding of the universe is truly objective?",,Unveiling the largest structures in the nearby Universe: Discovery of the Quipu superstructure|https://arxiv.org/abs/2501.19236,,,,,
20250131-long,Elements Beyond the Stars: A Missing Link in Nucleosynthesis?,https://youtu.be/Wd8V_BxaBnE,2025-01-31,ŒõCDM;LENR; Plasma Cosmology,"Are We Missing a Key Piece of the Elemental Puzzle?

For decades, we've been told that stars are the ultimate element factories, forging everything from hydrogen to the heavier elements that make up our world. But what if element formation is far more widespread than we think? ü§î

In this video, we explore the hidden forges of the universe, from the interstellar medium (ISM) to planetary crusts, and even unexpected mineral deposits deep within Earth. Could low-energy nuclear reactions (LENR) play a role in reshaping how we think about nucleosynthesis? Is there evidence that elements are being formed or transformed outside of traditional stellar processes?

üîπ What‚Äôs really happening in the ISM?
üîπ Why do we find gold, silver, and uranium in strange places?
üîπ Could LENR offer an explanation for element formation beyond stars?

Join us as we challenge conventional wisdom and take a fresh look at how elements are created and recycled across the cosmos. üî•",,"Potential Correlations between Apparent Peaks in LENR
Transmutation Data and Deuteron Fusion Screening Data|https://www.lenr-forum.com/attachment/24476-nagel-famus5-paper-pdf/;ISOTOPIC CHANGES OF THE REACTION PRODUCTS INDUCED BY CATHODIC ELECTROLYSIS IN Pd|https://www.lenr-canr.org/acrobat/MizunoTisotopicch.pdf;NUCLEAR TRANSMUTATIONS IN THIN-FILM NICKEL COATINGS UNDERGOING ELECTROLYSIS|https://www.infinite-energy.com/images/pdfs/MileyPattersonIE9.pdf;NUCLEAR TRANSMUTATIONS IN THIN-FILM NICKEL COATINGS UNDERGOING ELECTROLYSIS |https://www.lenr-canr.org/acrobat/MileyGHnucleartra.pdf;Search for Evidence of Nuclear Transmutations in the CETI RIFEX Kit|https://www.academia.edu/51621242/Search_for_Evidence_of_Nuclear_Transmutations_in_the_CETI_RIFEX_Kit;Herbst, E., & van Dishoeck, E. F. (2009). ""Complex Organic Interstellar Chemistry"" ‚Äì Annual Review of Astronomy and Astrophysics, 47(1), 427-480. DOI:10.1146/annurev-astro-082708-101654;Savage, B. D., & Sembach, K. R. (1996). ""Interstellar Abundances from Absorption-Line Observations with the Hubble Space Telescope"" ‚Äì Annual Review of Astronomy and Astrophysics, 34(1), 279-330. DOI:10.1146/annurev.astro.34.1.279;Carpinteri, A., Lacidogna, G., & Manuello, A. (2010). ""Piezonuclear Fission Reactions in Rocks: A New Perspective on Natural Radioactivity"" ‚Äì Modern Physics Letters B, 24(26), 2757-2766. DOI:10.1142/S0217984910026730;Storms, E. (2007). The Science of Low Energy Nuclear Reaction: A Comprehensive Compilation of Evidence and Explanations. World Scientific Publishing. ISBN: 978-981-270-620-1;Kerridge, J. F. (1985). ""Carbon, Hydrogen, and Nitrogen in Carbonaceous Chondrites: Abundances and Isotopic Compositions in Bulk Samples"" ‚Äì Geochimica et Cosmochimica Acta, 49(8), 1707-1714. DOI:10.1016/0016-7037(85)90141-3;Haines, E. L., Metzger, A. E., Parker, R. E., & Trombka, J. I. (1978). ""Lunar Uranium and Thorium Distribution: The Radioactive Moon"" ‚Äì The Moon and the Planets, 18, 11-28. DOI:10.1007/BF00897267",,,,Structured Atom Model|https://structuredatom.org/,
20250119-long,"LENR: Fusion, Fission, and the Hidden Potential of Stability",https://youtu.be/r7GDdcD2JT4,2025-01-19,LENR;SAM,"LENR is often dismissed as chaotic and inconsistent, with experiments yielding varied and unpredictable results. But new analysis reveals a hidden pattern‚Äîfive distinct atomic mass peaks that point to a universal mechanism at work. In this video, we uncover how fusion and fission processes combine in unexpected ways, challenging conventional nuclear science and offering new insights into the mysteries of transmutation.",,"Potential Correlations between Apparent Peaks in LENR
Transmutation Data and Deuteron Fusion Screening Data|https://www.lenr-forum.com/attachment/24476-nagel-famus5-paper-pdf/;ISOTOPIC CHANGES OF THE REACTION PRODUCTS INDUCED BY CATHODIC ELECTROLYSIS IN Pd|https://www.lenr-canr.org/acrobat/MizunoTisotopicch.pdf;NUCLEAR TRANSMUTATIONS IN THIN-FILM NICKEL COATINGS UNDERGOING ELECTROLYSIS|https://www.infinite-energy.com/images/pdfs/MileyPattersonIE9.pdf;NUCLEAR TRANSMUTATIONS IN THIN-FILM NICKEL COATINGS UNDERGOING ELECTROLYSIS |https://www.lenr-canr.org/acrobat/MileyGHnucleartra.pdf;Search for Evidence of Nuclear Transmutations in the CETI RIFEX Kit|https://www.academia.edu/51621242/Search_for_Evidence_of_Nuclear_Transmutations_in_the_CETI_RIFEX_Kit",,,,Structured Atom Model|https://structuredatom.org/,
20241219-long,LENR: The Overlooked Path to a New Nuclear Era,https://youtu.be/Yig4zoLv9Qk,2024-12-19,LENR;History,"Imagine a phenomenon so perplexing it challenges our understanding of physics and energy. In 1989, Fleischmann and Pons claimed to achieve ""cold fusion,"" nuclear energy without the Sun‚Äôs extreme temperatures. Dismissed and ridiculed, their work sparked a decades-long scientific mystery that refuses to fade away. Now rebranded as Low Energy Nuclear Reactions (LENR), the field continues to produce anomalous results‚Äîunexplained bursts of heat, isotopic shifts, and even fission-like products.

This video explores the evolution of LENR research since its controversial beginnings, diving into theories like Nuclear Active Environments (NAEs) and alternative ideas like the Structured Atom Model (SAM). Could LENR hold the key to entirely new nuclear pathways? Join us as we investigate whether it‚Äôs time to rethink how elements are formed, energy is harnessed, and the universe itself operates.",,"McKubre, M.C.H. (1994): Excess Power Observations in Electrochemical Studies of the D/Pd System; The Influence of Loading.
Key findings on the importance of achieving high deuterium loading in palladium for LENR experiments.;Iwamura, Y., et al. (2002): Elemental transmutation in condensed matter induced by deuterium permeation through Pd complexes.
Experimental results on transmutation products, such as cesium transforming into praseodymium.;Hagelstein, P. L., & Chaudhary, I. (2012):
Coupling between a deuteron and a lattice|https://arxiv.org/abs/1204.2159;Early theoretical work proposing mechanisms for LENR based on vacancies in metal lattices.
Widom, A., & Larsen, L. (2006):
Ultra low momentum neutron catalyzed nuclear reactions on metallic hydride surfaces.|https://arxiv.org/abs/cond-mat/0602472;Storms, E. (2012): An explanation of low energy nuclear reactions (cold fusion)|https://www.lenr-canr.org/acrobat/StormsEanexplanat.pdf;Schwinger, J. (1990): Cold Fusion: A Theoretical Model.
Nobel laureate Schwinger‚Äôs theoretical defense of cold fusion.|https://www.researchgate.net/publication/276456150_Cold_Fusion_A_Hypothesis;Gozzi, D., et al. (1998): Search for Radiation from Low Energy Nuclear Reactions.
A study examining low-level radiation in LENR systems and its implications.|https://www.jstor.org/stable/24101730;Miley, G. H., & Patterson, J. (1996): Nuclear transmutations in thin-film nickel coatings undergoing electrolysis.
Observation of isotopic shifts and transmutation products in nickel systems.|https://www.lenr-canr.org/acrobat/MileyGHnucleartra.pdf;Krivit, S., & Marwan, J. (2010): A new look at low-energy nuclear reaction (LENR) research.
Discusses advancements and debates in the field over the last two decades.|https://pubs.rsc.org/en/content/articlelanding/2009/em/b915458m","Storms, E. (2007): The Science of Low Energy Nuclear Reaction: A Comprehensive Compilation of Evidence and Explanations about Cold Fusion.
A detailed summary of experimental findings in LENR research, with discussions on Nuclear Active Environments (NAEs).|https://www.amazon.com/Science-Low-Energy-Nuclear-Reaction/dp/9812706208;Storms, E. (2014): The explanation of low energy nuclear reaction.|https://www.amazon.com/Explanation-Low-Energy-Nuclear-Reaction/dp/9812706208;Kaal, E.: The Structured Atom Model
SAM is a revolutionary new model for the atom|https://www.amazon.co.uk/Nature-Atom-Introduction-Structured-Model-ebook/dp/B09TX3LV34;Beaudette, C. G. (2002): Excess Heat: Why Cold Fusion Research Prevailed.
A retrospective look at the LENR field, highlighting key experimental successes.|https://www.amazon.com/Excess-Heat-Fusion-Research-Prevailed/dp/0967854801",,,Structured Atom Model|https://structuredatom.org/,
20241202-long,Science's Lost Breakthroughs: Trailblazers of Transmutation and LENR,https://youtu.be/moQfV5lQpGQ,2024-12-02,LENR;History,"What if early 20th-century experiments hinted at scientific discoveries we still don‚Äôt fully understand? This video revisits the groundbreaking yet often overlooked work of scientists like Clarence Skinner, J.J. Thomson, Norman Collie, Hubert Patterson, Irvine Masson, Fritz Paneth, Kurt Peters, and John Tandberg. From hydrogen's strange interactions with metals to mysterious appearances of helium and neon in discharge experiments, these pioneers observed phenomena that defied conventional explanations of their time.

We explore how their meticulous experiments laid the foundation for modern fields like plasma physics, hydrogen storage, and Low Energy Nuclear Reactions (LENR). Could they have witnessed elemental transmutations or stumbled upon processes we are only now beginning to comprehend? Discover how these early findings, dismissed or forgotten for decades, may hold the key to unraveling some of science's most enduring mysteries.

Whether you're interested in the history of physics, experimental science, or cutting-edge theories, this journey into forgotten experiments will leave you questioning how much we still have to learn.",,"""The Evolution of Hydrogen from the Cathode and its Absorption by the Anode in Gases""  CLARENCE A. SKINNER|https://archive.org/details/sim_physical-review_1905-07_21_1;""On the Appearance of Helium and Neon in Vacuum Tubes""  CLARENCE A. SKINNER|https://archive.org/details/jstor-1636856/page/n1/mode/2up;‚ÄúOn the Dynamical Theory of the Electromagnetic Field‚Äù ‚Äì James Clerk Maxwell|https://archive.org/details/sim_physical-review_1905-07_21_1;
‚ÄúThe theory of superconductivity‚Äù ‚Äì H. K. Onnes|https://archive.org/details/jstor-1636856/page/n1/mode/2up;
‚ÄúScientific American Supplement No. 150 (August 9, 1913)‚Äù|https://ia800708.us.archive.org/view_archive.php?archive=/28/items/crossref-pre-1923-scholarly-works/10.1038%252Fscientificamerican03041911-143bsupp.zip&file=10.1038%252Fscientificamerican03081913-150supp.pdf;
‚ÄúOn the Constitution of the Ether‚Äù ‚Äì Lord Rayleigh|https://journals.aps.org/pri/abstract/10.1103/PhysRevSeriesI.21.1;
‚ÄúLow Energy Nuclear Reaction (LENR) Workshop 2013: Summary Report‚Äù ‚Äì Nagel et al.|https://ntrs.nasa.gov/api/citations/20130001794/downloads/20130001794.pdf;
‚ÄúLENR Workshop Overview ‚Äì ARPA-E‚Äù ‚Äì Nagel|https://arpa-e.energy.gov/sites/default/files/2021LENR_workshop_Nagel.pdf;
‚ÄúThe Dynamical Theory of Gases (1914)‚Äù ‚Äì J. E. Littlewood|https://royalsocietypublishing.org/doi/10.1098/rspa.1914.0084;
‚ÄúSome Problems of the Theory of Distribution Functions in Statistical Mechanics, I‚Äù ‚Äì A. N. Kolmogorov|https://www.mathnet.ru/php/archive.phtml?wshow=paper&jrnid=ufn&paperid=15067&option_lang=eng;
‚Äú√úber elektrolytische Farbreaktion, I. Elektrische Untersuchungen √ºber die Elektrolyse von Zinksalzen‚Äù ‚Äì O. Hahn|https://chemistry-europe.onlinelibrary.wiley.com/doi/abs/10.1002/cber.19260590860;
‚ÄúThe Structure of the Atom‚Äù ‚Äì Niels Bohr|https://www.science.org/doi/pdf/10.1126/science.64.1658.xii-s;
‚ÄúLattice-confinement fusion‚Äù ‚Äì Wikipedia|https://en.wikipedia.org/wiki/Lattice_confinement_fusion",,,,,
20241117-long,Is The Big Bang Theory Controlling How We See CMBR Data?,https://youtu.be/Ku7mjp25Uq0,2024-11-17,CMBR;ŒõCDM,"The cosmic microwave background radiation (CMBR) is hailed as the ultimate proof of the Big Bang, often seen as a ""snapshot"" of the universe‚Äôs infancy. But what if our interpretations are shaped more by assumptions than reality? In this video, we explore the complexities of CMBR data processing, uncover the circular reasoning behind its pristine blackbody spectrum, and question the foundational assumption that the CMBR is radiation from the ""surface of last scattering.""

From isotropy and homogeneity to the illusion of a perfect blackbody spectrum, this video examines the meticulous‚Äîand sometimes controversial‚Äîmethods used to fit the data into a cosmological narrative. We also consider alternative perspectives and the potential implications for our understanding of the universe if the CMBR isn't what we think it is.

Are we genuinely observing the echoes of the Big Bang‚Äîor just seeing what we want to see?",,"Pierre-Marie Robitaille ‚Äì Research contributions | https://www.researchgate.net/scientific-contributions/P-M-Robitaille-2034838637  
C. L. Bennett et al. ‚Äì First-Year Wilkinson Microwave Anisotropy Probe (WMAP) Observations: Preliminary Maps and Basic Results | https://arxiv.org/abs/astro-ph/0302207  
G. Hinshaw et al. ‚Äì Three-Year Wilkinson Microwave Anisotropy Probe (WMAP) Observations: Temperature Analysis | https://arxiv.org/abs/astro-ph/0603451
",,,,,
20241030-long,Defying the Big Bang: The Elements That Don‚Äôt Fit,https://youtu.be/hovNhrIG-Ko,2024-10-30,ŒõCDM;History;Plasma Cosmology,"In this video, we explore the mysterious ""Rogue Elements"" that seem to challenge the Big Bang model‚Äôs predictions about the universe‚Äôs primordial mix. While Big Bang Nucleosynthesis (BBN) successfully predicts certain elemental ratios like hydrogen and helium, puzzling anomalies with lithium and deuterium have left scientists questioning our understanding of cosmic origins. Join us as we delve into the three key issues facing BBN‚Äîhelium discrepancies, the lithium problem, and deuterium variations‚Äîand consider why alternative cosmologies, such as plasma cosmology, offer competing perspectives.

From primordial nucleosynthesis to stellar nucleosynthesis, this video unpacks the unexpected ""outliers"" that defy the Big Bang‚Äôs elemental blueprint. We also address the broader implications for cosmology: can any theory truly account for the observed abundance of elements in the universe? Or will these rogue elements force us to rethink what we thought we knew about the universe‚Äôs origins?",,,,,,,
20241014-long,The Flawed Logic of Expansion: Are We Trapped in Circular Reasoning?,https://youtu.be/iKKqOsAgCTg,2024-10-14,ŒõCDM;Timeline,"In this episode of our series on the Big Bang, we dive into the evidence supporting cosmic expansion and uncover a troubling question: is expansion really as well-validated as we've been led to believe? Much of the evidence, it turns out, is interpreted through a framework that assumes expansion from the start. What happens when we remove that assumption?

We explore how changing the model of the universe can lead to different interpretations of the same data, and reveal the circular reasoning that traps cosmologists in their own theories. Using the concept of an expansion singularity, we show how cosmologists are stuck inside the event horizon of their assumptions, unable to see beyond the limits of their own model.

Are we truly observing an expanding universe, or is it just an illusion based on pre-existing assumptions? Join us as we rethink the evidence, challenge the mainstream, and ask: What is fact, and what is interpretation?",,"David F. Crawford ‚Äì A problem with the analysis of type Ia supernovae|https://www.researchgate.net/publication/321417636_A_problem_with_the_analysis_of_type_Ia_supernovae;Eric J. Lerner ‚Äì Tolman Test from z = 0.1 to z = 5.5: Preliminary results challenge the expanding universe model|https://arxiv.org/abs/0906.4284;Eric J. Lerner, Renato Falomo, Riccardo Scarpa ‚Äì UV surface brightness of galaxies from the local Universe to z ~ 5|https://arxiv.org/abs/1405.0275  
",,,,,
20241003-long,Building the Big Bang's Fragile Web: The Evolution of a Theory,https://youtu.be/S_JgDe0D7ck,2024-10-03,ŒõCDM;Timeline,"In this part, we delve into the history of the Big Bang theory, tracing its development from its initial proposal to the many modifications it has undergone over time. Understanding this evolution is key to grasping why challenging the theory is not simple. The Big Bang model has been continuously refined and adapted to accommodate new observations, reflecting the significant investment of time and effort by the scientific community.

By exploring these adjustments, we can better appreciate the intricate complexity of the model and the challenges involved in proposing an alternative that addresses the same vast web of evidence. This journey through the theory‚Äôs history reveals just how interconnected the evidence is, and why displacing the Big Bang requires more than identifying new anomalies‚Äîit demands a framework that can match or surpass its scope.",,,,,,,
20240922-long,Challenging the Big Bang: The Struggle with Inferred Reality,https://youtu.be/UN3rwk4oD1M,2024-09-22,ŒõCDM,"Challenging the Big Bang: The Struggle with Inferred Reality explores the deep-rooted challenges in overthrowing the Big Bang model. In this episode, we delve into the limitations of observations in cosmology and how they drive the need for inference and model-building to explain the universe. From cosmological redshift to the cosmic microwave background, much of what we consider evidence for the Big Bang is woven into a fragile web of interconnected inferences. This video will break down how these observations are interpreted, where the gaps lie, and why this reliance on inferred evidence creates a complex framework that's not easy to topple. Could the reality we think we see be an illusion shaped by our models?",,,,,,,
20240908-long,The Milky Way's Ancient Disc: Have We Misunderstood Galaxy Formation All Along?,https://youtu.be/cxio5WYV77Q,2024-09-08,Galaxy;ŒõCDM,"In this video, we dive into groundbreaking discoveries that challenge everything we thought we knew about how galaxies form. Recent observations from the James Webb Space Telescope (JWST) and new findings in our own Milky Way suggest that ancient, cold discs might be a fundamental feature of galaxies, not just the result of violent mergers as previously believed. With evidence of a 13-billion-year-old thin disc in the Milky Way and similar structures in high-redshift galaxies, it's becoming clear that our current galaxy formation models may be flawed.

Join us as we explore this cosmic revelation. Could it be that galaxies form with their discs already in place, rather than evolving them over time? This discovery could reshape our understanding of the early Universe and how galaxies like the Milky Way were built. Don‚Äôt miss out on this revolutionary journey through the cosmos!",,"S. Nepal ‚Äì C. Chiappini ‚Äì A. B. A. Queiroz ‚Äì G. Guiglion ‚Äì J. Montalb√°n ‚Äì M. Steinmetz ‚Äì A. Miglio ‚Äì A. Khalatyan ‚Äì The oldest thin disc of the Milky Way using Gaia-RVS | https://arxiv.org/abs/2402.00561;
J. Shejeelammal ‚Äì J. Mel√©ndez ‚Äì A. Rathsam ‚Äì G. Martos ‚Äì The [Y/Mg] chemical clock in the Galactic Disk: The influence of metallicity and Galactic population in the solar neighbourhood | https://arxiv.org/abs/2407.07283v2
",,,,Fjaellet ‚Äì Marie Curie (web-essay) | https://fjaellet.github.io/mariecurie.html,
20240901-long,Unexplained Galaxies at the Edge of the Universe Baffle Scientists!,https://youtu.be/yvwnABX6LAY,2024-09-01,Galaxy;ŒõCDM;Timeline,"In this video, we explore a groundbreaking discovery by the James Webb Space Telescope (JWST) that has left scientists baffled. Astronomers have detected tiny, bright, and compact galaxies in the distant universe, some of which are packed with mature stars and active galactic nuclei (AGN) ‚Äî features that should be impossible given their age. How could such complex structures form so soon after the universe began? Join us as we dive into this cosmic mystery, examine the implications for our understanding of the universe, and discuss the fringe theories that challenge the conventional Big Bang model. Are these unexplained objects rewriting the story of our cosmos?",,"Bingjie Wang ‚Äì Joel Leja ‚Äì Anna de Graaff ‚Äì Gabriel B. Brammer ‚Äì Andrea Weibel ‚Äì Pieter van Dokkum ‚Äì Josephine F.W. Baggen ‚Äì Katherine A. Suess ‚Äì Jenny E. Greene ‚Äì Rachel Bezanson ‚Äì Nikko J. Cleri ‚Äì Michaela Hirschmann ‚Äì Ivo Labb√© ‚Äì Jorryt Matthee ‚Äì Ian McConachie ‚Äì Rohan P. Naidu ‚Äì Erica Nelson ‚Äì Pascal A. Oesch ‚Äì David J. Setton ‚Äì Christina C. Williams ‚Äì RUBIES: Evolved Stellar Populations with Extended Formation Histories at z ‚àº 7-8 in Candidate Massive Galaxies Identified with JWST/NIRSpec | https://arxiv.org/abs/2405.01473
",,,,,